[
  {
    "id": "0332e146-b6ea-40c0-82cf-f4e985a742d6",
    "data": [
      {
        "text": "desserts and drinks",
        "userDefined": false
      }
    ],
    "isTemplate": false,
    "count": 0,
    "lang": "en",
    "updated": 0
  },
  {
    "id": "dd88a5ca-8921-4f85-99e7-ad3955999065",
    "data": [
      {
        "text": "desserts",
        "userDefined": false
      }
    ],
    "isTemplate": false,
    "count": 0,
    "lang": "en",
    "updated": 0
  },
  {
    "id": "18dc71ae-07aa-4507-b936-092b171fed2a",
    "data": [
      {
        "text": "drinks",
        "userDefined": false
      }
    ],
    "isTemplate": false,
    "count": 0,
    "lang": "en",
    "updated": 0
  }
]