[
  {
    "id": "fe43c2fc-4dde-4c8d-ab29-5c86a01e566f",
    "data": [
      {
        "text": "belPuri",
        "meta": "@sys.any",
        "alias": "any",
        "userDefined": false
      }
    ],
    "isTemplate": false,
    "count": 0,
    "lang": "en",
    "updated": 0
  },
  {
    "id": "a7991d7d-0440-4e1b-87ba-d4107ad20134",
    "data": [
      {
        "text": "laddu",
        "meta": "@sys.any",
        "alias": "any",
        "userDefined": true
      }
    ],
    "isTemplate": false,
    "count": 0,
    "lang": "en",
    "updated": 0
  },
  {
    "id": "eb3cd009-386b-4cf0-a493-31b06bf99ad4",
    "data": [
      {
        "text": "onionBajji",
        "meta": "@sys.any",
        "alias": "any",
        "userDefined": true
      }
    ],
    "isTemplate": false,
    "count": 0,
    "lang": "en",
    "updated": 0
  },
  {
    "id": "395fa603-a2e7-4538-a802-f161184e9e3a",
    "data": [
      {
        "text": "bajji",
        "meta": "@sys.any",
        "alias": "any",
        "userDefined": true
      }
    ],
    "isTemplate": false,
    "count": 0,
    "lang": "en",
    "updated": 0
  },
  {
    "id": "f8216efa-e6a6-43d0-9fc0-e42508f8d949",
    "data": [
      {
        "text": "paniPuri",
        "meta": "@sys.any",
        "alias": "any",
        "userDefined": true
      }
    ],
    "isTemplate": false,
    "count": 0,
    "lang": "en",
    "updated": 0
  },
  {
    "id": "7ac2641f-33c3-470a-936f-de033c3cdde1",
    "data": [
      {
        "text": "eggPokada",
        "meta": "@sys.any",
        "alias": "any",
        "userDefined": true
      }
    ],
    "isTemplate": false,
    "count": 0,
    "lang": "en",
    "updated": 0
  },
  {
    "id": "0165cbbc-9672-4a5a-a9fc-74dc0f7c4d5d",
    "data": [
      {
        "text": "tea",
        "meta": "@sys.any",
        "alias": "any",
        "userDefined": true
      }
    ],
    "isTemplate": false,
    "count": 0,
    "lang": "en",
    "updated": 0
  },
  {
    "id": "c95a797d-b993-4d9c-a868-92ee49ce925e",
    "data": [
      {
        "text": "somosa",
        "meta": "@sys.any",
        "alias": "any",
        "userDefined": false
      }
    ],
    "isTemplate": false,
    "count": 0,
    "lang": "en",
    "updated": 0
  }
]